country,perNotAccept
US,48.95833333333333
CN,100.0
ES,50.588235294117645
JP,100.0
HK,100.0
IE,50.0
GB,61.904761904761905
DE,66.66666666666666
TW,100.0
FR,75.0
NL,37.5
KR,100.0
SG,100.0
CA,66.66666666666666
RU,70.0
IL,100.0
ID,100.0
IN,80.0
AT,100.0
IR,100.0
BR,100.0
CY,100.0
LU,100.0
TR,100.0
PL,100.0
CH,0.0
AU,0.0
