country,perNotAccept
US,38.73873873873874
CN,100.0
ES,69.23076923076923
IE,57.14285714285714
JP,100.0
HK,100.0
GB,53.333333333333336
DE,55.55555555555556
CA,100.0
RU,50.0
FR,71.42857142857143
SG,100.0
NL,25.0
ID,100.0
KR,100.0
AT,100.0
BR,100.0
TR,100.0
IN,100.0
