country,perNotAccept
US,50.375
CN,100.0
ES,72.17194570135746
IE,58.666666666666664
JP,100.0
HK,100.0
GB,48.0
DE,55.00000000000001
CA,100.0
RU,31.11111111111111
FR,65.07936507936508
SG,100.0
NL,43.47826086956522
ID,100.0
KR,100.0
AT,100.0
BR,100.0
TR,100.0
IN,100.0
